{
  "node": "v24.12.0",
  "os": {
    "platform": "linux",
    "release": "6.19.9-1-cachyos",
    "arch": "x64",
    "cpus": 16,
    "totalmemGb": 31.2
  },
  "upstreamPort": 32891,
  "proxyPort": 32991,
  "latency": {
    "small": {
      "direct": {
        "count": 1000,
        "meanTotal": 0.053596958000000014,
        "p50Total": 0.044045000000011214,
        "p95Total": 0.1043459999999925,
        "p99Total": 0.19237400000000093,
        "p50Ttfb": 0.04235899999999049,
        "p95Ttfb": 0.09723699999999269,
        "p99Ttfb": 0.18363000000000795,
        "totalBytes": 63000
      },
      "proxy": {
        "count": 1000,
        "meanTotal": 0.09216230399999915,
        "p50Total": 0.0840689999999995,
        "p95Total": 0.14249800000001756,
        "p99Total": 0.2978430000000003,
        "p50Ttfb": 0.08249200000000201,
        "p95Ttfb": 0.14067099999999755,
        "p99Ttfb": 0.2935460000000205,
        "totalBytes": 217000
      }
    },
    "medium": {
      "direct": {
        "count": 1000,
        "meanTotal": 0.06998118900000122,
        "p50Total": 0.06438700000001063,
        "p95Total": 0.08351699999997209,
        "p99Total": 0.17949899999996433,
        "p50Ttfb": 0.06338399999998501,
        "p95Ttfb": 0.08234099999998534,
        "p99Ttfb": 0.1762099999999691,
        "totalBytes": 54394000
      },
      "proxy": {
        "count": 1000,
        "meanTotal": 0.18781112500000058,
        "p50Total": 0.16295000000002346,
        "p95Total": 0.35312800000002653,
        "p99Total": 0.44815899999997555,
        "p50Ttfb": 0.16184499999997115,
        "p95Ttfb": 0.3508730000000355,
        "p99Ttfb": 0.44499700000000075,
        "totalBytes": 54548000
      }
    },
    "js": {
      "direct": {
        "count": 1000,
        "meanTotal": 0.03095504699999924,
        "p50Total": 0.027572999999961212,
        "p95Total": 0.036029999999982465,
        "p99Total": 0.11706500000002507,
        "p50Ttfb": 0.026718999999957305,
        "p95Ttfb": 0.03475200000002587,
        "p99Ttfb": 0.11373500000001968,
        "totalBytes": 4054000
      },
      "proxy": {
        "count": 1000,
        "meanTotal": 0.07874182100000099,
        "p50Total": 0.06808699999999135,
        "p95Total": 0.15826700000002347,
        "p99Total": 0.2735500000000002,
        "p50Ttfb": 0.06720600000005561,
        "p95Ttfb": 0.1566609999999855,
        "p99Ttfb": 0.2700990000000729,
        "totalBytes": 4054000
      }
    },
    "large": {
      "direct": {
        "count": 1000,
        "meanTotal": 0.4489682090000015,
        "p50Total": 0.3210520000000088,
        "p95Total": 1.1211590000000342,
        "p99Total": 1.5690260000001217,
        "p50Ttfb": 0.12253399999997328,
        "p95Ttfb": 0.39856200000008357,
        "p99Ttfb": 1.00210200000015,
        "totalBytes": 1048576000
      },
      "proxy": {
        "count": 1000,
        "meanTotal": 0.8358710020000014,
        "p50Total": 0.6983399999999165,
        "p95Total": 1.6433729999998832,
        "p99Total": 2.1780800000001364,
        "p50Ttfb": 0.4979880000000776,
        "p95Ttfb": 1.4361810000000332,
        "p99Ttfb": 1.9364530000000286,
        "totalBytes": 1048576000
      }
    }
  },
  "throughput": {
    "small": {
      "direct": {
        "rps": 36937.99831984203,
        "completed": 369416
      },
      "proxy": {
        "rps": 16070.171694284776,
        "completed": 160704
      }
    },
    "js": {
      "direct": {
        "rps": 31917.660206476685,
        "completed": 319168
      },
      "proxy": {
        "rps": 13196.357452235026,
        "completed": 131968
      }
    }
  },
  "memory": {
    "start": {
      "rss": 90759168,
      "heapTotal": 16031744,
      "heapUsed": 12395496,
      "external": 11139669,
      "arrayBuffers": 1082019
    },
    "afterSeq": {
      "rss": 182616064,
      "heapTotal": 27750400,
      "heapUsed": 9671256,
      "external": 32035937,
      "arrayBuffers": 21983752
    },
    "afterBurst": {
      "rss": 310546432,
      "heapTotal": 146763776,
      "heapUsed": 48756928,
      "external": 23964055,
      "arrayBuffers": 13911870
    }
  },
  "startedAt": "2026-05-24T21:43:19.726Z",
  "finishedAt": "2026-05-24T21:44:01.711Z"
}